Filename,Age,Ethnicity,Gender
00055.png,31,asian,Man
00237.png,42,latino hispanic,Woman
00240.png,29,white,Man
00241.png,31,asian,Man
00242.png,21,white,Man
00243.png,26,white,Woman
00244.png,33,white,Man
00245.png,23,asian,Man
00246.png,36,white,Woman
00247.png,34,white,Man
00248.png,34,latino hispanic,Man
00249.png,33,white,Woman
00253.png,34,asian,Woman
00255.png,33,white,Man
00257.png,40,white,Man
00258.png,40,white,Man
00259.png,32,white,Man
00260.png,32,middle eastern,Woman
00261.png,32,white,Woman
00262.png,35,asian,Man
00263.png,25,white,Man
00264.png,45,white,Man
00265.png,42,black,Man
00266.png,30,white,Woman
00267.png,25,white,Man
00268.png,25,white,Man
00269.png,28,latino hispanic,Man
00270.png,25,middle eastern,Man
00271.png,29,latino hispanic,Man
00272.png,33,white,Man
00273.png,36,white,Man
00274.png,45,indian,Man
00275.png,33,white,Woman
00276.png,35,white,Man
00277.png,26,white,Man
00278.png,25,white,Man
00279.png,30,middle eastern,Man
00280.png,34,latino hispanic,Woman
00281.png,26,white,Man
00282.png,43,white,Woman
00283.png,36,white,Man
00284.png,34,asian,Man
00285.png,33,white,Man
00286.png,22,asian,Man
00287.png,22,white,Man
00288.png,45,white,Man
00289.png,35,white,Woman
00290.png,28,white,Woman
00292.png,31,asian,Man
00293.png,35,white,Woman
00295.png,29,latino hispanic,Man
00296.png,31,white,Man
00297.png,23,white,Man
00298.png,32,white,Woman
00299.png,34,middle eastern,Woman
00333.png,46,white,Man
00350.png,27,white,Woman
00351.png,33,black,Man
00352.png,34,asian,Woman
00353.png,31,white,Man
00354.png,32,latino hispanic,Woman
00355.png,27,white,Man
00356.png,25,asian,Man
00357.png,28,asian,Man
00358.png,27,black,Man
00360.png,27,middle eastern,Man
00361.png,27,indian,Man
00363.png,32,white,Man
00364.png,21,asian,Woman
00365.png,31,white,Man
00367.png,36,white,Man
00368.png,35,white,Woman
00370.png,33,middle eastern,Man
00371.png,25,asian,Man
00372.png,39,white,Woman
00373.png,31,white,Woman
00374.png,34,white,Woman
00379.png,32,middle eastern,Man
00400.png,33,white,Man
00401.png,47,white,Man
00402.png,28,asian,Man
00403.png,30,asian,Woman
00404.png,33,white,Man
00405.png,32,latino hispanic,Woman
00406.png,24,white,Man
00407.png,34,white,Woman
00408.png,32,white,Man
00409.png,27,white,Man
00410.png,27,white,Man
00412.png,27,white,Man
00413.png,36,latino hispanic,Man
00414.png,36,asian,Woman
00415.png,36,white,Man
00416.png,36,white,Man
00417.png,34,asian,Woman
00418.png,31,black,Man
00419.png,32,white,Man
00420.png,30,white,Man
00421.png,31,asian,Man
00422.png,33,white,Man
00423.png,32,white,Man
00424.png,24,white,Man
